Código do Nível Geográfico;Nível Geográfico;Código do Item Geográfico;Item Geográfico;Ordem Geográfica;Código do Item Temporal;Nível Temporal;Item Temporal;Residência em 31/07/2005, município;Residência em 31/07/2005, município (código);Residência em 31/07/2005, município (ordem);Frequência;Observações
9000;País;76;Brasil;1;2010;8030;31/07/2010;ADRIANÓPOLIS;4100202;4100202;849;188
9000;País;76;Brasil;1;2010;8030;31/07/2010;AGUDOS DO SUL;4100301;4100301;900;120
9000;País;76;Brasil;1;2010;8030;31/07/2010;ALMIRANTE TAMANDARÉ;4100400;4100400;5852;588
9000;País;76;Brasil;1;2010;8030;31/07/2010;ARAUCÁRIA;4101804;4101804;7565;838
9000;País;76;Brasil;1;2010;8030;31/07/2010;BALSA NOVA;4102307;4102307;682;82
9000;País;76;Brasil;1;2010;8030;31/07/2010;BOCAIÚVA DO SUL;4103107;4103107;796;128
9000;País;76;Brasil;1;2010;8030;31/07/2010;CAMPINA GRANDE DO SUL;4104006;4104006;3198;405
9000;País;76;Brasil;1;2010;8030;31/07/2010;CAMPO DO TENENTE;4104105;4104105;695;116
9000;País;76;Brasil;1;2010;8030;31/07/2010;CAMPO LARGO;4104204;4104204;7132;833
9000;País;76;Brasil;1;2010;8030;31/07/2010;CAMPO MAGRO;4104253;4104253;1758;175
9000;País;76;Brasil;1;2010;8030;31/07/2010;CERRO AZUL;4105201;4105201;1601;204
9000;País;76;Brasil;1;2010;8030;31/07/2010;COLOMBO;4105805;4105805;12185;1311
9000;País;76;Brasil;1;2010;8030;31/07/2010;CONTENDA;4106209;4106209;1037;144
9000;País;76;Brasil;1;2010;8030;31/07/2010;CURITIBA;4106902;4106902;204872;20527
9000;País;76;Brasil;1;2010;8030;31/07/2010;FAZENDA RIO GRANDE;4107652;4107652;6078;638
9000;País;76;Brasil;1;2010;8030;31/07/2010;ITAPERUÇU;4111258;4111258;746;76
9000;País;76;Brasil;1;2010;8030;31/07/2010;LAPA;4113205;4113205;3009;335
9000;País;76;Brasil;1;2010;8030;31/07/2010;MANDIRITUBA;4114302;4114302;1506;181
9000;País;76;Brasil;1;2010;8030;31/07/2010;PIÊN;4119103;4119103;1052;157
9000;País;76;Brasil;1;2010;8030;31/07/2010;PINHAIS;4119152;4119152;10274;1059
9000;País;76;Brasil;1;2010;8030;31/07/2010;PIRAQUARA;4119509;4119509;6121;637
9000;País;76;Brasil;1;2010;8030;31/07/2010;QUATRO BARRAS;4120804;4120804;1778;284
9000;País;76;Brasil;1;2010;8030;31/07/2010;QUITANDINHA;4121208;4121208;743;114
9000;País;76;Brasil;1;2010;8030;31/07/2010;RIO BRANCO DO SUL;4122206;4122206;1983;202
9000;País;76;Brasil;1;2010;8030;31/07/2010;RIO NEGRO;4122305;4122305;3109;341
9000;País;76;Brasil;1;2010;8030;31/07/2010;SÃO JOSÉ DOS PINHAIS;4125506;4125506;17570;1874
9000;País;76;Brasil;1;2010;8030;31/07/2010;TIJUCAS DO SUL;4127601;4127601;1079;139
9000;País;76;Brasil;1;2010;8030;31/07/2010;TUNAS DO PARANÁ;4127882;4127882;1070;215
9000;País;76;Brasil;1;2010;8030;31/07/2010;DOUTOR ULYSSES;4128633;4128633;509;81
9233;Mesorregião (2010);4110;Metropolitana de Curitiba;2;2010;8030;31/07/2010;ADRIANÓPOLIS;4100202;4100202;640;149
9233;Mesorregião (2010);4110;Metropolitana de Curitiba;2;2010;8030;31/07/2010;AGUDOS DO SUL;4100301;4100301;669;88
9233;Mesorregião (2010);4110;Metropolitana de Curitiba;2;2010;8030;31/07/2010;ALMIRANTE TAMANDARÉ;4100400;4100400;5122;504
9233;Mesorregião (2010);4110;Metropolitana de Curitiba;2;2010;8030;31/07/2010;ARAUCÁRIA;4101804;4101804;5712;564
9233;Mesorregião (2010);4110;Metropolitana de Curitiba;2;2010;8030;31/07/2010;BALSA NOVA;4102307;4102307;557;67
9233;Mesorregião (2010);4110;Metropolitana de Curitiba;2;2010;8030;31/07/2010;BOCAIÚVA DO SUL;4103107;4103107;722;113
9233;Mesorregião (2010);4110;Metropolitana de Curitiba;2;2010;8030;31/07/2010;CAMPINA GRANDE DO SUL;4104006;4104006;2870;343
9233;Mesorregião (2010);4110;Metropolitana de Curitiba;2;2010;8030;31/07/2010;CAMPO DO TENENTE;4104105;4104105;458;84
9233;Mesorregião (2010);4110;Metropolitana de Curitiba;2;2010;8030;31/07/2010;CAMPO LARGO;4104204;4104204;5477;599
9233;Mesorregião (2010);4110;Metropolitana de Curitiba;2;2010;8030;31/07/2010;CAMPO MAGRO;4104253;4104253;1674;162
9233;Mesorregião (2010);4110;Metropolitana de Curitiba;2;2010;8030;31/07/2010;CERRO AZUL;4105201;4105201;1455;186
9233;Mesorregião (2010);4110;Metropolitana de Curitiba;2;2010;8030;31/07/2010;COLOMBO;4105805;4105805;10325;1050
9233;Mesorregião (2010);4110;Metropolitana de Curitiba;2;2010;8030;31/07/2010;CONTENDA;4106209;4106209;868;116
9233;Mesorregião (2010);4110;Metropolitana de Curitiba;2;2010;8030;31/07/2010;CURITIBA;4106902;4106902;112036;9685
9233;Mesorregião (2010);4110;Metropolitana de Curitiba;2;2010;8030;31/07/2010;FAZENDA RIO GRANDE;4107652;4107652;5564;559
9233;Mesorregião (2010);4110;Metropolitana de Curitiba;2;2010;8030;31/07/2010;ITAPERUÇU;4111258;4111258;703;69
9233;Mesorregião (2010);4110;Metropolitana de Curitiba;2;2010;8030;31/07/2010;LAPA;4113205;4113205;2292;240
9233;Mesorregião (2010);4110;Metropolitana de Curitiba;2;2010;8030;31/07/2010;MANDIRITUBA;4114302;4114302;1361;159
9233;Mesorregião (2010);4110;Metropolitana de Curitiba;2;2010;8030;31/07/2010;PIÊN;4119103;4119103;532;90
9233;Mesorregião (2010);4110;Metropolitana de Curitiba;2;2010;8030;31/07/2010;PINHAIS;4119152;4119152;9228;919
9233;Mesorregião (2010);4110;Metropolitana de Curitiba;2;2010;8030;31/07/2010;PIRAQUARA;4119509;4119509;5477;552
9233;Mesorregião (2010);4110;Metropolitana de Curitiba;2;2010;8030;31/07/2010;QUATRO BARRAS;4120804;4120804;1611;263
9233;Mesorregião (2010);4110;Metropolitana de Curitiba;2;2010;8030;31/07/2010;QUITANDINHA;4121208;4121208;686;104
9233;Mesorregião (2010);4110;Metropolitana de Curitiba;2;2010;8030;31/07/2010;RIO BRANCO DO SUL;4122206;4122206;1819;175
9233;Mesorregião (2010);4110;Metropolitana de Curitiba;2;2010;8030;31/07/2010;RIO NEGRO;4122305;4122305;1257;145
9233;Mesorregião (2010);4110;Metropolitana de Curitiba;2;2010;8030;31/07/2010;SÃO JOSÉ DOS PINHAIS;4125506;4125506;14032;1373
9233;Mesorregião (2010);4110;Metropolitana de Curitiba;2;2010;8030;31/07/2010;TIJUCAS DO SUL;4127601;4127601;840;104
9233;Mesorregião (2010);4110;Metropolitana de Curitiba;2;2010;8030;31/07/2010;TUNAS DO PARANÁ;4127882;4127882;802;180
9233;Mesorregião (2010);4110;Metropolitana de Curitiba;2;2010;8030;31/07/2010;DOUTOR ULYSSES;4128633;4128633;301;49
9235;Município (2010);4100202;ADRIANÓPOLIS;3;2010;8030;31/07/2010;ADRIANÓPOLIS;4100202;4100202;221;82
9235;Município (2010);4100202;ADRIANÓPOLIS;3;2010;8030;31/07/2010;ALMIRANTE TAMANDARÉ;4100400;4100400;X;X
9235;Município (2010);4100202;ADRIANÓPOLIS;3;2010;8030;31/07/2010;BOCAIÚVA DO SUL;4103107;4103107;X;X
9235;Município (2010);4100202;ADRIANÓPOLIS;3;2010;8030;31/07/2010;CERRO AZUL;4105201;4105201;X;X
9235;Município (2010);4100202;ADRIANÓPOLIS;3;2010;8030;31/07/2010;COLOMBO;4105805;4105805;23;7
9235;Município (2010);4100202;ADRIANÓPOLIS;3;2010;8030;31/07/2010;CURITIBA;4106902;4106902;94;33
9235;Município (2010);4100202;ADRIANÓPOLIS;3;2010;8030;31/07/2010;FAZENDA RIO GRANDE;4107652;4107652;X;X
9235;Município (2010);4100202;ADRIANÓPOLIS;3;2010;8030;31/07/2010;RIO BRANCO DO SUL;4122206;4122206;X;X
9235;Município (2010);4100202;ADRIANÓPOLIS;3;2010;8030;31/07/2010;TUNAS DO PARANÁ;4127882;4127882;28;10
9235;Município (2010);4100301;AGUDOS DO SUL;4;2010;8030;31/07/2010;AGUDOS DO SUL;4100301;4100301;165;32
9235;Município (2010);4100301;AGUDOS DO SUL;4;2010;8030;31/07/2010;CAMPO LARGO;4104204;4104204;X;X
9235;Município (2010);4100301;AGUDOS DO SUL;4;2010;8030;31/07/2010;CURITIBA;4106902;4106902;336;62
9235;Município (2010);4100301;AGUDOS DO SUL;4;2010;8030;31/07/2010;FAZENDA RIO GRANDE;4107652;4107652;X;X
9235;Município (2010);4100301;AGUDOS DO SUL;4;2010;8030;31/07/2010;MANDIRITUBA;4114302;4114302;42;8
9235;Município (2010);4100301;AGUDOS DO SUL;4;2010;8030;31/07/2010;PIÊN;4119103;4119103;40;7
9235;Município (2010);4100301;AGUDOS DO SUL;4;2010;8030;31/07/2010;QUITANDINHA;4121208;4121208;X;X
9235;Município (2010);4100301;AGUDOS DO SUL;4;2010;8030;31/07/2010;RIO BRANCO DO SUL;4122206;4122206;X;X
9235;Município (2010);4100301;AGUDOS DO SUL;4;2010;8030;31/07/2010;RIO NEGRO;4122305;4122305;X;X
9235;Município (2010);4100301;AGUDOS DO SUL;4;2010;8030;31/07/2010;SÃO JOSÉ DOS PINHAIS;4125506;4125506;X;X
9235;Município (2010);4100301;AGUDOS DO SUL;4;2010;8030;31/07/2010;TIJUCAS DO SUL;4127601;4127601;X;X
9235;Município (2010);4100400;ALMIRANTE TAMANDARÉ;5;2010;8030;31/07/2010;ALMIRANTE TAMANDARÉ;4100400;4100400;2650;240
9235;Município (2010);4100400;ALMIRANTE TAMANDARÉ;5;2010;8030;31/07/2010;ARAUCÁRIA;4101804;4101804;62;7
9235;Município (2010);4100400;ALMIRANTE TAMANDARÉ;5;2010;8030;31/07/2010;CAMPINA GRANDE DO SUL;4104006;4104006;X;X
9235;Município (2010);4100400;ALMIRANTE TAMANDARÉ;5;2010;8030;31/07/2010;CAMPO LARGO;4104204;4104204;171;18
9235;Município (2010);4100400;ALMIRANTE TAMANDARÉ;5;2010;8030;31/07/2010;CAMPO MAGRO;4104253;4104253;94;8
9235;Município (2010);4100400;ALMIRANTE TAMANDARÉ;5;2010;8030;31/07/2010;CERRO AZUL;4105201;4105201;219;19
9235;Município (2010);4100400;ALMIRANTE TAMANDARÉ;5;2010;8030;31/07/2010;COLOMBO;4105805;4105805;400;41
9235;Município (2010);4100400;ALMIRANTE TAMANDARÉ;5;2010;8030;31/07/2010;CURITIBA;4106902;4106902;4925;460
9235;Município (2010);4100400;ALMIRANTE TAMANDARÉ;5;2010;8030;31/07/2010;FAZENDA RIO GRANDE;4107652;4107652;116;12
9235;Município (2010);4100400;ALMIRANTE TAMANDARÉ;5;2010;8030;31/07/2010;ITAPERUÇU;4111258;4111258;X;X
9235;Município (2010);4100400;ALMIRANTE TAMANDARÉ;5;2010;8030;31/07/2010;LAPA;4113205;4113205;X;X
9235;Município (2010);4100400;ALMIRANTE TAMANDARÉ;5;2010;8030;31/07/2010;PINHAIS;4119152;4119152;56;6
9235;Município (2010);4100400;ALMIRANTE TAMANDARÉ;5;2010;8030;31/07/2010;PIRAQUARA;4119509;4119509;X;X
9235;Município (2010);4100400;ALMIRANTE TAMANDARÉ;5;2010;8030;31/07/2010;RIO BRANCO DO SUL;4122206;4122206;339;31
9235;Município (2010);4100400;ALMIRANTE TAMANDARÉ;5;2010;8030;31/07/2010;SÃO JOSÉ DOS PINHAIS;4125506;4125506;X;X
9235;Município (2010);4100400;ALMIRANTE TAMANDARÉ;5;2010;8030;31/07/2010;DOUTOR ULYSSES;4128633;4128633;X;X
9235;Município (2010);4101200;ANTONINA;6;2010;8030;31/07/2010;ALMIRANTE TAMANDARÉ;4100400;4100400;X;X
9235;Município (2010);4101200;ANTONINA;6;2010;8030;31/07/2010;CAMPINA GRANDE DO SUL;4104006;4104006;X;X
9235;Município (2010);4101200;ANTONINA;6;2010;8030;31/07/2010;CAMPO DO TENENTE;4104105;4104105;X;X
9235;Município (2010);4101200;ANTONINA;6;2010;8030;31/07/2010;CAMPO LARGO;4104204;4104204;X;X
9235;Município (2010);4101200;ANTONINA;6;2010;8030;31/07/2010;COLOMBO;4105805;4105805;X;X
9235;Município (2010);4101200;ANTONINA;6;2010;8030;31/07/2010;CURITIBA;4106902;4106902;392;78
9235;Município (2010);4101200;ANTONINA;6;2010;8030;31/07/2010;FAZENDA RIO GRANDE;4107652;4107652;X;X
9235;Município (2010);4101200;ANTONINA;6;2010;8030;31/07/2010;PINHAIS;4119152;4119152;69;13
9235;Município (2010);4101200;ANTONINA;6;2010;8030;31/07/2010;PIRAQUARA;4119509;4119509;X;X
9235;Município (2010);4101200;ANTONINA;6;2010;8030;31/07/2010;QUATRO BARRAS;4120804;4120804;X;X
9235;Município (2010);4101200;ANTONINA;6;2010;8030;31/07/2010;SÃO JOSÉ DOS PINHAIS;4125506;4125506;X;X
9235;Município (2010);4101804;ARAUCÁRIA;7;2010;8030;31/07/2010;ALMIRANTE TAMANDARÉ;4100400;4100400;204;22
9235;Município (2010);4101804;ARAUCÁRIA;7;2010;8030;31/07/2010;ARAUCÁRIA;4101804;4101804;2969;278
9235;Município (2010);4101804;ARAUCÁRIA;7;2010;8030;31/07/2010;BALSA NOVA;4102307;4102307;X;X
9235;Município (2010);4101804;ARAUCÁRIA;7;2010;8030;31/07/2010;CAMPINA GRANDE DO SUL;4104006;4104006;X;X
9235;Município (2010);4101804;ARAUCÁRIA;7;2010;8030;31/07/2010;CAMPO DO TENENTE;4104105;4104105;X;X
9235;Município (2010);4101804;ARAUCÁRIA;7;2010;8030;31/07/2010;CAMPO LARGO;4104204;4104204;166;18
9235;Município (2010);4101804;ARAUCÁRIA;7;2010;8030;31/07/2010;CAMPO MAGRO;4104253;4104253;X;X
9235;Município (2010);4101804;ARAUCÁRIA;7;2010;8030;31/07/2010;CERRO AZUL;4105201;4105201;41;6
9235;Município (2010);4101804;ARAUCÁRIA;7;2010;8030;31/07/2010;COLOMBO;4105805;4105805;189;19
9235;Município (2010);4101804;ARAUCÁRIA;7;2010;8030;31/07/2010;CONTENDA;4106209;4106209;139;12
9235;Município (2010);4101804;ARAUCÁRIA;7;2010;8030;31/07/2010;CURITIBA;4106902;4106902;4419;415
9235;Município (2010);4101804;ARAUCÁRIA;7;2010;8030;31/07/2010;FAZENDA RIO GRANDE;4107652;4107652;344;33
9235;Município (2010);4101804;ARAUCÁRIA;7;2010;8030;31/07/2010;LAPA;4113205;4113205;462;42
9235;Município (2010);4101804;ARAUCÁRIA;7;2010;8030;31/07/2010;MANDIRITUBA;4114302;4114302;92;11
9235;Município (2010);4101804;ARAUCÁRIA;7;2010;8030;31/07/2010;PINHAIS;4119152;4119152;78;9
9235;Município (2010);4101804;ARAUCÁRIA;7;2010;8030;31/07/2010;PIRAQUARA;4119509;4119509;X;X
9235;Município (2010);4101804;ARAUCÁRIA;7;2010;8030;31/07/2010;QUITANDINHA;4121208;4121208;X;X
9235;Município (2010);4101804;ARAUCÁRIA;7;2010;8030;31/07/2010;RIO BRANCO DO SUL;4122206;4122206;X;X
9235;Município (2010);4101804;ARAUCÁRIA;7;2010;8030;31/07/2010;SÃO JOSÉ DOS PINHAIS;4125506;4125506;217;22
9235;Município (2010);4102307;BALSA NOVA;8;2010;8030;31/07/2010;ALMIRANTE TAMANDARÉ;4100400;4100400;X;X
9235;Município (2010);4102307;BALSA NOVA;8;2010;8030;31/07/2010;ARAUCÁRIA;4101804;4101804;39;7
9235;Município (2010);4102307;BALSA NOVA;8;2010;8030;31/07/2010;BALSA NOVA;4102307;4102307;171;36
9235;Município (2010);4102307;BALSA NOVA;8;2010;8030;31/07/2010;CAMPINA GRANDE DO SUL;4104006;4104006;X;X
9235;Município (2010);4102307;BALSA NOVA;8;2010;8030;31/07/2010;CAMPO LARGO;4104204;4104204;699;135
9235;Município (2010);4102307;BALSA NOVA;8;2010;8030;31/07/2010;CERRO AZUL;4105201;4105201;X;X
9235;Município (2010);4102307;BALSA NOVA;8;2010;8030;31/07/2010;COLOMBO;4105805;4105805;X;X
9235;Município (2010);4102307;BALSA NOVA;8;2010;8030;31/07/2010;CURITIBA;4106902;4106902;189;42
9235;Município (2010);4102307;BALSA NOVA;8;2010;8030;31/07/2010;ITAPERUÇU;4111258;4111258;X;X
9235;Município (2010);4102307;BALSA NOVA;8;2010;8030;31/07/2010;LAPA;4113205;4113205;X;X
9235;Município (2010);4102307;BALSA NOVA;8;2010;8030;31/07/2010;PINHAIS;4119152;4119152;X;X
9235;Município (2010);4102307;BALSA NOVA;8;2010;8030;31/07/2010;PIRAQUARA;4119509;4119509;X;X
9235;Município (2010);4103107;BOCAIÚVA DO SUL;9;2010;8030;31/07/2010;ADRIANÓPOLIS;4100202;4100202;X;X
9235;Município (2010);4103107;BOCAIÚVA DO SUL;9;2010;8030;31/07/2010;BOCAIÚVA DO SUL;4103107;4103107;249;53
9235;Município (2010);4103107;BOCAIÚVA DO SUL;9;2010;8030;31/07/2010;CAMPINA GRANDE DO SUL;4104006;4104006;85;20
9235;Município (2010);4103107;BOCAIÚVA DO SUL;9;2010;8030;31/07/2010;CAMPO DO TENENTE;4104105;4104105;19;6
9235;Município (2010);4103107;BOCAIÚVA DO SUL;9;2010;8030;31/07/2010;CAMPO LARGO;4104204;4104204;X;X
9235;Município (2010);4103107;BOCAIÚVA DO SUL;9;2010;8030;31/07/2010;CAMPO MAGRO;4104253;4104253;X;X
9235;Município (2010);4103107;BOCAIÚVA DO SUL;9;2010;8030;31/07/2010;CERRO AZUL;4105201;4105201;51;11
9235;Município (2010);4103107;BOCAIÚVA DO SUL;9;2010;8030;31/07/2010;COLOMBO;4105805;4105805;163;32
9235;Município (2010);4103107;BOCAIÚVA DO SUL;9;2010;8030;31/07/2010;CURITIBA;4106902;4106902;396;74
9235;Município (2010);4103107;BOCAIÚVA DO SUL;9;2010;8030;31/07/2010;FAZENDA RIO GRANDE;4107652;4107652;X;X
9235;Município (2010);4103107;BOCAIÚVA DO SUL;9;2010;8030;31/07/2010;MANDIRITUBA;4114302;4114302;X;X
9235;Município (2010);4103107;BOCAIÚVA DO SUL;9;2010;8030;31/07/2010;PINHAIS;4119152;4119152;87;16
9235;Município (2010);4103107;BOCAIÚVA DO SUL;9;2010;8030;31/07/2010;PIRAQUARA;4119509;4119509;X;X
9235;Município (2010);4103107;BOCAIÚVA DO SUL;9;2010;8030;31/07/2010;QUITANDINHA;4121208;4121208;X;X
9235;Município (2010);4103107;BOCAIÚVA DO SUL;9;2010;8030;31/07/2010;RIO BRANCO DO SUL;4122206;4122206;X;X
9235;Município (2010);4103107;BOCAIÚVA DO SUL;9;2010;8030;31/07/2010;SÃO JOSÉ DOS PINHAIS;4125506;4125506;X;X
9235;Município (2010);4103107;BOCAIÚVA DO SUL;9;2010;8030;31/07/2010;TUNAS DO PARANÁ;4127882;4127882;155;28
9235;Município (2010);4103107;BOCAIÚVA DO SUL;9;2010;8030;31/07/2010;DOUTOR ULYSSES;4128633;4128633;X;X
9235;Município (2010);4104006;CAMPINA GRANDE DO SUL;10;2010;8030;31/07/2010;ADRIANÓPOLIS;4100202;4100202;X;X
9235;Município (2010);4104006;CAMPINA GRANDE DO SUL;10;2010;8030;31/07/2010;ALMIRANTE TAMANDARÉ;4100400;4100400;84;10
9235;Município (2010);4104006;CAMPINA GRANDE DO SUL;10;2010;8030;31/07/2010;ARAUCÁRIA;4101804;4101804;X;X
9235;Município (2010);4104006;CAMPINA GRANDE DO SUL;10;2010;8030;31/07/2010;BOCAIÚVA DO SUL;4103107;4103107;173;18
9235;Município (2010);4104006;CAMPINA GRANDE DO SUL;10;2010;8030;31/07/2010;CAMPINA GRANDE DO SUL;4104006;4104006;1054;110
9235;Município (2010);4104006;CAMPINA GRANDE DO SUL;10;2010;8030;31/07/2010;CAMPO LARGO;4104204;4104204;X;X
9235;Município (2010);4104006;CAMPINA GRANDE DO SUL;10;2010;8030;31/07/2010;COLOMBO;4105805;4105805;515;49
9235;Município (2010);4104006;CAMPINA GRANDE DO SUL;10;2010;8030;31/07/2010;CONTENDA;4106209;4106209;X;X
9235;Município (2010);4104006;CAMPINA GRANDE DO SUL;10;2010;8030;31/07/2010;CURITIBA;4106902;4106902;875;92
9235;Município (2010);4104006;CAMPINA GRANDE DO SUL;10;2010;8030;31/07/2010;FAZENDA RIO GRANDE;4107652;4107652;62;6
9235;Município (2010);4104006;CAMPINA GRANDE DO SUL;10;2010;8030;31/07/2010;LAPA;4113205;4113205;67;8
9235;Município (2010);4104006;CAMPINA GRANDE DO SUL;10;2010;8030;31/07/2010;PINHAIS;4119152;4119152;180;16
9235;Município (2010);4104006;CAMPINA GRANDE DO SUL;10;2010;8030;31/07/2010;PIRAQUARA;4119509;4119509;X;X
9235;Município (2010);4104006;CAMPINA GRANDE DO SUL;10;2010;8030;31/07/2010;QUATRO BARRAS;4120804;4120804;246;22
9235;Município (2010);4104006;CAMPINA GRANDE DO SUL;10;2010;8030;31/07/2010;SÃO JOSÉ DOS PINHAIS;4125506;4125506;132;13
9235;Município (2010);4104006;CAMPINA GRANDE DO SUL;10;2010;8030;31/07/2010;TIJUCAS DO SUL;4127601;4127601;X;X
9235;Município (2010);4104006;CAMPINA GRANDE DO SUL;10;2010;8030;31/07/2010;TUNAS DO PARANÁ;4127882;4127882;X;X
9235;Município (2010);4104105;CAMPO DO TENENTE;11;2010;8030;31/07/2010;ARAUCÁRIA;4101804;4101804;X;X
9235;Município (2010);4104105;CAMPO DO TENENTE;11;2010;8030;31/07/2010;CAMPO DO TENENTE;4104105;4104105;157;51
9235;Município (2010);4104105;CAMPO DO TENENTE;11;2010;8030;31/07/2010;COLOMBO;4105805;4105805;X;X
9235;Município (2010);4104105;CAMPO DO TENENTE;11;2010;8030;31/07/2010;CONTENDA;4106209;4106209;X;X
9235;Município (2010);4104105;CAMPO DO TENENTE;11;2010;8030;31/07/2010;CURITIBA;4106902;4106902;121;43
9235;Município (2010);4104105;CAMPO DO TENENTE;11;2010;8030;31/07/2010;LAPA;4113205;4113205;50;16
9235;Município (2010);4104105;CAMPO DO TENENTE;11;2010;8030;31/07/2010;PIÊN;4119103;4119103;X;X
9235;Município (2010);4104105;CAMPO DO TENENTE;11;2010;8030;31/07/2010;PINHAIS;4119152;4119152;X;X
9235;Município (2010);4104105;CAMPO DO TENENTE;11;2010;8030;31/07/2010;QUITANDINHA;4121208;4121208;22;7
9235;Município (2010);4104105;CAMPO DO TENENTE;11;2010;8030;31/07/2010;RIO NEGRO;4122305;4122305;58;21
9235;Município (2010);4104204;CAMPO LARGO;12;2010;8030;31/07/2010;ADRIANÓPOLIS;4100202;4100202;X;X
9235;Município (2010);4104204;CAMPO LARGO;12;2010;8030;31/07/2010;ALMIRANTE TAMANDARÉ;4100400;4100400;X;X
9235;Município (2010);4104204;CAMPO LARGO;12;2010;8030;31/07/2010;ARAUCÁRIA;4101804;4101804;112;10
9235;Município (2010);4104204;CAMPO LARGO;12;2010;8030;31/07/2010;BALSA NOVA;4102307;4102307;132;13
9235;Município (2010);4104204;CAMPO LARGO;12;2010;8030;31/07/2010;CAMPINA GRANDE DO SUL;4104006;4104006;81;8
9235;Município (2010);4104204;CAMPO LARGO;12;2010;8030;31/07/2010;CAMPO LARGO;4104204;4104204;2749;275
9235;Município (2010);4104204;CAMPO LARGO;12;2010;8030;31/07/2010;CAMPO MAGRO;4104253;4104253;241;24
9235;Município (2010);4104204;CAMPO LARGO;12;2010;8030;31/07/2010;CERRO AZUL;4105201;4105201;56;6
9235;Município (2010);4104204;CAMPO LARGO;12;2010;8030;31/07/2010;COLOMBO;4105805;4105805;74;8
9235;Município (2010);4104204;CAMPO LARGO;12;2010;8030;31/07/2010;CONTENDA;4106209;4106209;X;X
9235;Município (2010);4104204;CAMPO LARGO;12;2010;8030;31/07/2010;CURITIBA;4106902;4106902;3181;313
9235;Município (2010);4104204;CAMPO LARGO;12;2010;8030;31/07/2010;FAZENDA RIO GRANDE;4107652;4107652;X;X
9235;Município (2010);4104204;CAMPO LARGO;12;2010;8030;31/07/2010;ITAPERUÇU;4111258;4111258;X;X
9235;Município (2010);4104204;CAMPO LARGO;12;2010;8030;31/07/2010;LAPA;4113205;4113205;X;X
9235;Município (2010);4104204;CAMPO LARGO;12;2010;8030;31/07/2010;MANDIRITUBA;4114302;4114302;68;6
9235;Município (2010);4104204;CAMPO LARGO;12;2010;8030;31/07/2010;PINHAIS;4119152;4119152;61;8
9235;Município (2010);4104204;CAMPO LARGO;12;2010;8030;31/07/2010;PIRAQUARA;4119509;4119509;85;9
9235;Município (2010);4104204;CAMPO LARGO;12;2010;8030;31/07/2010;RIO BRANCO DO SUL;4122206;4122206;X;X
9235;Município (2010);4104204;CAMPO LARGO;12;2010;8030;31/07/2010;SÃO JOSÉ DOS PINHAIS;4125506;4125506;278;23
9235;Município (2010);4104253;CAMPO MAGRO;13;2010;8030;31/07/2010;ALMIRANTE TAMANDARÉ;4100400;4100400;102;10
9235;Município (2010);4104253;CAMPO MAGRO;13;2010;8030;31/07/2010;ARAUCÁRIA;4101804;4101804;X;X
9235;Município (2010);4104253;CAMPO MAGRO;13;2010;8030;31/07/2010;CAMPINA GRANDE DO SUL;4104006;4104006;X;X
9235;Município (2010);4104253;CAMPO MAGRO;13;2010;8030;31/07/2010;CAMPO LARGO;4104204;4104204;157;15
9235;Município (2010);4104253;CAMPO MAGRO;13;2010;8030;31/07/2010;CAMPO MAGRO;4104253;4104253;850;90
9235;Município (2010);4104253;CAMPO MAGRO;13;2010;8030;31/07/2010;COLOMBO;4105805;4105805;X;X
9235;Município (2010);4104253;CAMPO MAGRO;13;2010;8030;31/07/2010;CURITIBA;4106902;4106902;1519;145
9235;Município (2010);4104253;CAMPO MAGRO;13;2010;8030;31/07/2010;PIRAQUARA;4119509;4119509;X;X
9235;Município (2010);4104253;CAMPO MAGRO;13;2010;8030;31/07/2010;RIO BRANCO DO SUL;4122206;4122206;X;X
9235;Município (2010);4104253;CAMPO MAGRO;13;2010;8030;31/07/2010;SÃO JOSÉ DOS PINHAIS;4125506;4125506;X;X
9235;Município (2010);4105201;CERRO AZUL;14;2010;8030;31/07/2010;ADRIANÓPOLIS;4100202;4100202;X;X
9235;Município (2010);4105201;CERRO AZUL;14;2010;8030;31/07/2010;ALMIRANTE TAMANDARÉ;4100400;4100400;34;7
9235;Município (2010);4105201;CERRO AZUL;14;2010;8030;31/07/2010;ARAUCÁRIA;4101804;4101804;X;X
9235;Município (2010);4105201;CERRO AZUL;14;2010;8030;31/07/2010;BOCAIÚVA DO SUL;4103107;4103107;X;X
9235;Município (2010);4105201;CERRO AZUL;14;2010;8030;31/07/2010;CAMPO DO TENENTE;4104105;4104105;X;X
9235;Município (2010);4105201;CERRO AZUL;14;2010;8030;31/07/2010;CERRO AZUL;4105201;4105201;156;33
9235;Município (2010);4105201;CERRO AZUL;14;2010;8030;31/07/2010;COLOMBO;4105805;4105805;83;16
9235;Município (2010);4105201;CERRO AZUL;14;2010;8030;31/07/2010;CURITIBA;4106902;4106902;139;26
9235;Município (2010);4105201;CERRO AZUL;14;2010;8030;31/07/2010;ITAPERUÇU;4111258;4111258;X;X
9235;Município (2010);4105201;CERRO AZUL;14;2010;8030;31/07/2010;PINHAIS;4119152;4119152;X;X
9235;Município (2010);4105201;CERRO AZUL;14;2010;8030;31/07/2010;PIRAQUARA;4119509;4119509;X;X
9235;Município (2010);4105201;CERRO AZUL;14;2010;8030;31/07/2010;RIO BRANCO DO SUL;4122206;4122206;29;6
9235;Município (2010);4105201;CERRO AZUL;14;2010;8030;31/07/2010;SÃO JOSÉ DOS PINHAIS;4125506;4125506;X;X
9235;Município (2010);4105201;CERRO AZUL;14;2010;8030;31/07/2010;TUNAS DO PARANÁ;4127882;4127882;38;7
9235;Município (2010);4105201;CERRO AZUL;14;2010;8030;31/07/2010;DOUTOR ULYSSES;4128633;4128633;68;13
9235;Município (2010);4105805;COLOMBO;15;2010;8030;31/07/2010;ADRIANÓPOLIS;4100202;4100202;101;10
9235;Município (2010);4105805;COLOMBO;15;2010;8030;31/07/2010;ALMIRANTE TAMANDARÉ;4100400;4100400;688;79
9235;Município (2010);4105805;COLOMBO;15;2010;8030;31/07/2010;ARAUCÁRIA;4101804;4101804;171;16
9235;Município (2010);4105805;COLOMBO;15;2010;8030;31/07/2010;BALSA NOVA;4102307;4102307;X;X
9235;Município (2010);4105805;COLOMBO;15;2010;8030;31/07/2010;BOCAIÚVA DO SUL;4103107;4103107;171;16
9235;Município (2010);4105805;COLOMBO;15;2010;8030;31/07/2010;CAMPINA GRANDE DO SUL;4104006;4104006;316;34
9235;Município (2010);4105805;COLOMBO;15;2010;8030;31/07/2010;CAMPO LARGO;4104204;4104204;95;10
9235;Município (2010);4105805;COLOMBO;15;2010;8030;31/07/2010;CAMPO MAGRO;4104253;4104253;X;X
9235;Município (2010);4105805;COLOMBO;15;2010;8030;31/07/2010;CERRO AZUL;4105201;4105201;226;22
9235;Município (2010);4105805;COLOMBO;15;2010;8030;31/07/2010;COLOMBO;4105805;4105805;4564;449
9235;Município (2010);4105805;COLOMBO;15;2010;8030;31/07/2010;CONTENDA;4106209;4106209;X;X
9235;Município (2010);4105805;COLOMBO;15;2010;8030;31/07/2010;CURITIBA;4106902;4106902;10369;1022
9235;Município (2010);4105805;COLOMBO;15;2010;8030;31/07/2010;FAZENDA RIO GRANDE;4107652;4107652;47;6
9235;Município (2010);4105805;COLOMBO;15;2010;8030;31/07/2010;ITAPERUÇU;4111258;4111258;X;X
9235;Município (2010);4105805;COLOMBO;15;2010;8030;31/07/2010;LAPA;4113205;4113205;92;8
9235;Município (2010);4105805;COLOMBO;15;2010;8030;31/07/2010;MANDIRITUBA;4114302;4114302;X;X
9235;Município (2010);4105805;COLOMBO;15;2010;8030;31/07/2010;PINHAIS;4119152;4119152;706;72
9235;Município (2010);4105805;COLOMBO;15;2010;8030;31/07/2010;PIRAQUARA;4119509;4119509;235;27
9235;Município (2010);4105805;COLOMBO;15;2010;8030;31/07/2010;QUATRO BARRAS;4120804;4120804;X;X
9235;Município (2010);4105805;COLOMBO;15;2010;8030;31/07/2010;QUITANDINHA;4121208;4121208;X;X
9235;Município (2010);4105805;COLOMBO;15;2010;8030;31/07/2010;RIO BRANCO DO SUL;4122206;4122206;177;16
9235;Município (2010);4105805;COLOMBO;15;2010;8030;31/07/2010;RIO NEGRO;4122305;4122305;X;X
9235;Município (2010);4105805;COLOMBO;15;2010;8030;31/07/2010;SÃO JOSÉ DOS PINHAIS;4125506;4125506;366;34
9235;Município (2010);4105805;COLOMBO;15;2010;8030;31/07/2010;TUNAS DO PARANÁ;4127882;4127882;113;13
9235;Município (2010);4105805;COLOMBO;15;2010;8030;31/07/2010;DOUTOR ULYSSES;4128633;4128633;X;X
9235;Município (2010);4106209;CONTENDA;16;2010;8030;31/07/2010;ALMIRANTE TAMANDARÉ;4100400;4100400;X;X
9235;Município (2010);4106209;CONTENDA;16;2010;8030;31/07/2010;ARAUCÁRIA;4101804;4101804;378;72
9235;Município (2010);4106209;CONTENDA;16;2010;8030;31/07/2010;BALSA NOVA;4102307;4102307;X;X
9235;Município (2010);4106209;CONTENDA;16;2010;8030;31/07/2010;CAMPINA GRANDE DO SUL;4104006;4104006;X;X
9235;Município (2010);4106209;CONTENDA;16;2010;8030;31/07/2010;CAMPO LARGO;4104204;4104204;X;X
9235;Município (2010);4106209;CONTENDA;16;2010;8030;31/07/2010;CONTENDA;4106209;4106209;313;61
9235;Município (2010);4106209;CONTENDA;16;2010;8030;31/07/2010;CURITIBA;4106902;4106902;344;68
9235;Município (2010);4106209;CONTENDA;16;2010;8030;31/07/2010;FAZENDA RIO GRANDE;4107652;4107652;X;X
9235;Município (2010);4106209;CONTENDA;16;2010;8030;31/07/2010;LAPA;4113205;4113205;168;35
9235;Município (2010);4106209;CONTENDA;16;2010;8030;31/07/2010;QUITANDINHA;4121208;4121208;44;7
9235;Município (2010);4106209;CONTENDA;16;2010;8030;31/07/2010;RIO NEGRO;4122305;4122305;X;X
9235;Município (2010);4106209;CONTENDA;16;2010;8030;31/07/2010;SÃO JOSÉ DOS PINHAIS;4125506;4125506;X;X
9235;Município (2010);4106902;CURITIBA;17;2010;8030;31/07/2010;ADRIANÓPOLIS;4100202;4100202;X;X
9235;Município (2010);4106902;CURITIBA;17;2010;8030;31/07/2010;AGUDOS DO SUL;4100301;4100301;190;9
9235;Município (2010);4106902;CURITIBA;17;2010;8030;31/07/2010;ALMIRANTE TAMANDARÉ;4100400;4100400;314;16
9235;Município (2010);4106902;CURITIBA;17;2010;8030;31/07/2010;ARAUCÁRIA;4101804;4101804;917;45
9235;Município (2010);4106902;CURITIBA;17;2010;8030;31/07/2010;BALSA NOVA;4102307;4102307;X;X
9235;Município (2010);4106902;CURITIBA;17;2010;8030;31/07/2010;CAMPINA GRANDE DO SUL;4104006;4104006;194;9
9235;Município (2010);4106902;CURITIBA;17;2010;8030;31/07/2010;CAMPO DO TENENTE;4104105;4104105;X;X
9235;Município (2010);4106902;CURITIBA;17;2010;8030;31/07/2010;CAMPO LARGO;4104204;4104204;563;31
9235;Município (2010);4106902;CURITIBA;17;2010;8030;31/07/2010;CAMPO MAGRO;4104253;4104253;203;10
9235;Município (2010);4106902;CURITIBA;17;2010;8030;31/07/2010;CERRO AZUL;4105201;4105201;213;11
9235;Município (2010);4106902;CURITIBA;17;2010;8030;31/07/2010;COLOMBO;4105805;4105805;1196;60
9235;Município (2010);4106902;CURITIBA;17;2010;8030;31/07/2010;CONTENDA;4106209;4106209;142;6
9235;Município (2010);4106902;CURITIBA;17;2010;8030;31/07/2010;CURITIBA;4106902;4106902;41209;2024
9235;Município (2010);4106902;CURITIBA;17;2010;8030;31/07/2010;FAZENDA RIO GRANDE;4107652;4107652;406;21
9235;Município (2010);4106902;CURITIBA;17;2010;8030;31/07/2010;ITAPERUÇU;4111258;4111258;X;X
9235;Município (2010);4106902;CURITIBA;17;2010;8030;31/07/2010;LAPA;4113205;4113205;611;26
9235;Município (2010);4106902;CURITIBA;17;2010;8030;31/07/2010;MANDIRITUBA;4114302;4114302;77;7
9235;Município (2010);4106902;CURITIBA;17;2010;8030;31/07/2010;PIÊN;4119103;4119103;X;X
9235;Município (2010);4106902;CURITIBA;17;2010;8030;31/07/2010;PINHAIS;4119152;4119152;746;37
9235;Município (2010);4106902;CURITIBA;17;2010;8030;31/07/2010;PIRAQUARA;4119509;4119509;275;15
9235;Município (2010);4106902;CURITIBA;17;2010;8030;31/07/2010;QUATRO BARRAS;4120804;4120804;X;X
9235;Município (2010);4106902;CURITIBA;17;2010;8030;31/07/2010;QUITANDINHA;4121208;4121208;110;6
9235;Município (2010);4106902;CURITIBA;17;2010;8030;31/07/2010;RIO BRANCO DO SUL;4122206;4122206;257;12
9235;Município (2010);4106902;CURITIBA;17;2010;8030;31/07/2010;RIO NEGRO;4122305;4122305;227;11
9235;Município (2010);4106902;CURITIBA;17;2010;8030;31/07/2010;SÃO JOSÉ DOS PINHAIS;4125506;4125506;1604;78
9235;Município (2010);4106902;CURITIBA;17;2010;8030;31/07/2010;TIJUCAS DO SUL;4127601;4127601;X;X
9235;Município (2010);4106902;CURITIBA;17;2010;8030;31/07/2010;TUNAS DO PARANÁ;4127882;4127882;X;X
9235;Município (2010);4106902;CURITIBA;17;2010;8030;31/07/2010;DOUTOR ULYSSES;4128633;4128633;X;X
9235;Município (2010);4107652;FAZENDA RIO GRANDE;18;2010;8030;31/07/2010;AGUDOS DO SUL;4100301;4100301;X;X
9235;Município (2010);4107652;FAZENDA RIO GRANDE;18;2010;8030;31/07/2010;ALMIRANTE TAMANDARÉ;4100400;4100400;95;10
9235;Município (2010);4107652;FAZENDA RIO GRANDE;18;2010;8030;31/07/2010;ARAUCÁRIA;4101804;4101804;234;24
9235;Município (2010);4107652;FAZENDA RIO GRANDE;18;2010;8030;31/07/2010;BOCAIÚVA DO SUL;4103107;4103107;X;X
9235;Município (2010);4107652;FAZENDA RIO GRANDE;18;2010;8030;31/07/2010;CAMPINA GRANDE DO SUL;4104006;4104006;X;X
9235;Município (2010);4107652;FAZENDA RIO GRANDE;18;2010;8030;31/07/2010;CAMPO LARGO;4104204;4104204;X;X
9235;Município (2010);4107652;FAZENDA RIO GRANDE;18;2010;8030;31/07/2010;CAMPO MAGRO;4104253;4104253;X;X
9235;Município (2010);4107652;FAZENDA RIO GRANDE;18;2010;8030;31/07/2010;CERRO AZUL;4105201;4105201;X;X
9235;Município (2010);4107652;FAZENDA RIO GRANDE;18;2010;8030;31/07/2010;COLOMBO;4105805;4105805;127;11
9235;Município (2010);4107652;FAZENDA RIO GRANDE;18;2010;8030;31/07/2010;CURITIBA;4106902;4106902;5922;590
9235;Município (2010);4107652;FAZENDA RIO GRANDE;18;2010;8030;31/07/2010;FAZENDA RIO GRANDE;4107652;4107652;3893;389
9235;Município (2010);4107652;FAZENDA RIO GRANDE;18;2010;8030;31/07/2010;ITAPERUÇU;4111258;4111258;X;X
9235;Município (2010);4107652;FAZENDA RIO GRANDE;18;2010;8030;31/07/2010;LAPA;4113205;4113205;X;X
9235;Município (2010);4107652;FAZENDA RIO GRANDE;18;2010;8030;31/07/2010;MANDIRITUBA;4114302;4114302;127;17
9235;Município (2010);4107652;FAZENDA RIO GRANDE;18;2010;8030;31/07/2010;PINHAIS;4119152;4119152;X;X
9235;Município (2010);4107652;FAZENDA RIO GRANDE;18;2010;8030;31/07/2010;PIRAQUARA;4119509;4119509;X;X
9235;Município (2010);4107652;FAZENDA RIO GRANDE;18;2010;8030;31/07/2010;QUATRO BARRAS;4120804;4120804;X;X
9235;Município (2010);4107652;FAZENDA RIO GRANDE;18;2010;8030;31/07/2010;QUITANDINHA;4121208;4121208;120;12
9235;Município (2010);4107652;FAZENDA RIO GRANDE;18;2010;8030;31/07/2010;RIO NEGRO;4122305;4122305;X;X
9235;Município (2010);4107652;FAZENDA RIO GRANDE;18;2010;8030;31/07/2010;SÃO JOSÉ DOS PINHAIS;4125506;4125506;247;25
9235;Município (2010);4107652;FAZENDA RIO GRANDE;18;2010;8030;31/07/2010;TUNAS DO PARANÁ;4127882;4127882;X;X
9235;Município (2010);4109500;GUARAQUEÇABA;19;2010;8030;31/07/2010;BALSA NOVA;4102307;4102307;X;X
9235;Município (2010);4109500;GUARAQUEÇABA;19;2010;8030;31/07/2010;CAMPINA GRANDE DO SUL;4104006;4104006;X;X
9235;Município (2010);4109500;GUARAQUEÇABA;19;2010;8030;31/07/2010;CAMPO LARGO;4104204;4104204;X;X
9235;Município (2010);4109500;GUARAQUEÇABA;19;2010;8030;31/07/2010;CONTENDA;4106209;4106209;X;X
9235;Município (2010);4109500;GUARAQUEÇABA;19;2010;8030;31/07/2010;CURITIBA;4106902;4106902;77;26
9235;Município (2010);4109500;GUARAQUEÇABA;19;2010;8030;31/07/2010;PINHAIS;4119152;4119152;X;X
9235;Município (2010);4109609;GUARATUBA;20;2010;8030;31/07/2010;ARAUCÁRIA;4101804;4101804;X;X
9235;Município (2010);4109609;GUARATUBA;20;2010;8030;31/07/2010;COLOMBO;4105805;4105805;88;9
9235;Município (2010);4109609;GUARATUBA;20;2010;8030;31/07/2010;CURITIBA;4106902;4106902;2045;205
9235;Município (2010);4109609;GUARATUBA;20;2010;8030;31/07/2010;FAZENDA RIO GRANDE;4107652;4107652;X;X
9235;Município (2010);4109609;GUARATUBA;20;2010;8030;31/07/2010;PINHAIS;4119152;4119152;X;X
9235;Município (2010);4109609;GUARATUBA;20;2010;8030;31/07/2010;PIRAQUARA;4119509;4119509;X;X
9235;Município (2010);4109609;GUARATUBA;20;2010;8030;31/07/2010;SÃO JOSÉ DOS PINHAIS;4125506;4125506;237;26
9235;Município (2010);4109609;GUARATUBA;20;2010;8030;31/07/2010;TIJUCAS DO SUL;4127601;4127601;X;X
9235;Município (2010);4111258;ITAPERUÇU;21;2010;8030;31/07/2010;ALMIRANTE TAMANDARÉ;4100400;4100400;83;10
9235;Município (2010);4111258;ITAPERUÇU;21;2010;8030;31/07/2010;CAMPO LARGO;4104204;4104204;X;X
9235;Município (2010);4111258;ITAPERUÇU;21;2010;8030;31/07/2010;CAMPO MAGRO;4104253;4104253;X;X
9235;Município (2010);4111258;ITAPERUÇU;21;2010;8030;31/07/2010;CERRO AZUL;4105201;4105201;X;X
9235;Município (2010);4111258;ITAPERUÇU;21;2010;8030;31/07/2010;COLOMBO;4105805;4105805;X;X
9235;Município (2010);4111258;ITAPERUÇU;21;2010;8030;31/07/2010;CURITIBA;4106902;4106902;301;32
9235;Município (2010);4111258;ITAPERUÇU;21;2010;8030;31/07/2010;FAZENDA RIO GRANDE;4107652;4107652;X;X
9235;Município (2010);4111258;ITAPERUÇU;21;2010;8030;31/07/2010;ITAPERUÇU;4111258;4111258;203;20
9235;Município (2010);4111258;ITAPERUÇU;21;2010;8030;31/07/2010;PIRAQUARA;4119509;4119509;X;X
9235;Município (2010);4111258;ITAPERUÇU;21;2010;8030;31/07/2010;RIO BRANCO DO SUL;4122206;4122206;292;27
9235;Município (2010);4111258;ITAPERUÇU;21;2010;8030;31/07/2010;SÃO JOSÉ DOS PINHAIS;4125506;4125506;X;X
9235;Município (2010);4113205;LAPA;22;2010;8030;31/07/2010;ALMIRANTE TAMANDARÉ;4100400;4100400;X;X
9235;Município (2010);4113205;LAPA;22;2010;8030;31/07/2010;ARAUCÁRIA;4101804;4101804;X;X
9235;Município (2010);4113205;LAPA;22;2010;8030;31/07/2010;BALSA NOVA;4102307;4102307;X;X
9235;Município (2010);4113205;LAPA;22;2010;8030;31/07/2010;CAMPO DO TENENTE;4104105;4104105;X;X
9235;Município (2010);4113205;LAPA;22;2010;8030;31/07/2010;CAMPO LARGO;4104204;4104204;X;X
9235;Município (2010);4113205;LAPA;22;2010;8030;31/07/2010;CAMPO MAGRO;4104253;4104253;X;X
9235;Município (2010);4113205;LAPA;22;2010;8030;31/07/2010;CERRO AZUL;4105201;4105201;X;X
9235;Município (2010);4113205;LAPA;22;2010;8030;31/07/2010;COLOMBO;4105805;4105805;174;18
9235;Município (2010);4113205;LAPA;22;2010;8030;31/07/2010;CONTENDA;4106209;4106209;X;X
9235;Município (2010);4113205;LAPA;22;2010;8030;31/07/2010;CURITIBA;4106902;4106902;403;41
9235;Município (2010);4113205;LAPA;22;2010;8030;31/07/2010;FAZENDA RIO GRANDE;4107652;4107652;X;X
9235;Município (2010);4113205;LAPA;22;2010;8030;31/07/2010;LAPA;4113205;4113205;387;37
9235;Município (2010);4113205;LAPA;22;2010;8030;31/07/2010;PINHAIS;4119152;4119152;X;X
9235;Município (2010);4113205;LAPA;22;2010;8030;31/07/2010;PIRAQUARA;4119509;4119509;X;X
9235;Município (2010);4113205;LAPA;22;2010;8030;31/07/2010;RIO NEGRO;4122305;4122305;162;14
9235;Município (2010);4113205;LAPA;22;2010;8030;31/07/2010;SÃO JOSÉ DOS PINHAIS;4125506;4125506;X;X
9235;Município (2010);4113205;LAPA;22;2010;8030;31/07/2010;TIJUCAS DO SUL;4127601;4127601;X;X
9235;Município (2010);4114302;MANDIRITUBA;23;2010;8030;31/07/2010;AGUDOS DO SUL;4100301;4100301;63;7
9235;Município (2010);4114302;MANDIRITUBA;23;2010;8030;31/07/2010;ARAUCÁRIA;4101804;4101804;X;X
9235;Município (2010);4114302;MANDIRITUBA;23;2010;8030;31/07/2010;CAMPO DO TENENTE;4104105;4104105;X;X
9235;Município (2010);4114302;MANDIRITUBA;23;2010;8030;31/07/2010;CAMPO LARGO;4104204;4104204;X;X
9235;Município (2010);4114302;MANDIRITUBA;23;2010;8030;31/07/2010;COLOMBO;4105805;4105805;113;11
9235;Município (2010);4114302;MANDIRITUBA;23;2010;8030;31/07/2010;CURITIBA;4106902;4106902;808;87
9235;Município (2010);4114302;MANDIRITUBA;23;2010;8030;31/07/2010;FAZENDA RIO GRANDE;4107652;4107652;148;13
9235;Município (2010);4114302;MANDIRITUBA;23;2010;8030;31/07/2010;LAPA;4113205;4113205;93;10
9235;Município (2010);4114302;MANDIRITUBA;23;2010;8030;31/07/2010;MANDIRITUBA;4114302;4114302;614;62
9235;Município (2010);4114302;MANDIRITUBA;23;2010;8030;31/07/2010;PINHAIS;4119152;4119152;X;X
9235;Município (2010);4114302;MANDIRITUBA;23;2010;8030;31/07/2010;QUITANDINHA;4121208;4121208;X;X
9235;Município (2010);4114302;MANDIRITUBA;23;2010;8030;31/07/2010;SÃO JOSÉ DOS PINHAIS;4125506;4125506;94;9
9235;Município (2010);4114302;MANDIRITUBA;23;2010;8030;31/07/2010;TIJUCAS DO SUL;4127601;4127601;X;X
9235;Município (2010);4115705;MATINHOS;24;2010;8030;31/07/2010;ALMIRANTE TAMANDARÉ;4100400;4100400;X;X
9235;Município (2010);4115705;MATINHOS;24;2010;8030;31/07/2010;ARAUCÁRIA;4101804;4101804;X;X
9235;Município (2010);4115705;MATINHOS;24;2010;8030;31/07/2010;CAMPINA GRANDE DO SUL;4104006;4104006;X;X
9235;Município (2010);4115705;MATINHOS;24;2010;8030;31/07/2010;CAMPO LARGO;4104204;4104204;X;X
9235;Município (2010);4115705;MATINHOS;24;2010;8030;31/07/2010;COLOMBO;4105805;4105805;218;22
9235;Município (2010);4115705;MATINHOS;24;2010;8030;31/07/2010;CURITIBA;4106902;4106902;2960;288
9235;Município (2010);4115705;MATINHOS;24;2010;8030;31/07/2010;LAPA;4113205;4113205;X;X
9235;Município (2010);4115705;MATINHOS;24;2010;8030;31/07/2010;PIRAQUARA;4119509;4119509;121;12
9235;Município (2010);4115705;MATINHOS;24;2010;8030;31/07/2010;RIO BRANCO DO SUL;4122206;4122206;X;X
9235;Município (2010);4115705;MATINHOS;24;2010;8030;31/07/2010;RIO NEGRO;4122305;4122305;63;6
9235;Município (2010);4115705;MATINHOS;24;2010;8030;31/07/2010;SÃO JOSÉ DOS PINHAIS;4125506;4125506;178;17
9235;Município (2010);4116208;MORRETES;25;2010;8030;31/07/2010;AGUDOS DO SUL;4100301;4100301;X;X
9235;Município (2010);4116208;MORRETES;25;2010;8030;31/07/2010;ALMIRANTE TAMANDARÉ;4100400;4100400;X;X
9235;Município (2010);4116208;MORRETES;25;2010;8030;31/07/2010;COLOMBO;4105805;4105805;68;14
9235;Município (2010);4116208;MORRETES;25;2010;8030;31/07/2010;CONTENDA;4106209;4106209;X;X
9235;Município (2010);4116208;MORRETES;25;2010;8030;31/07/2010;CURITIBA;4106902;4106902;524;106
9235;Município (2010);4116208;MORRETES;25;2010;8030;31/07/2010;FAZENDA RIO GRANDE;4107652;4107652;X;X
9235;Município (2010);4116208;MORRETES;25;2010;8030;31/07/2010;LAPA;4113205;4113205;X;X
9235;Município (2010);4116208;MORRETES;25;2010;8030;31/07/2010;PIÊN;4119103;4119103;X;X
9235;Município (2010);4116208;MORRETES;25;2010;8030;31/07/2010;PIRAQUARA;4119509;4119509;59;14
9235;Município (2010);4116208;MORRETES;25;2010;8030;31/07/2010;QUATRO BARRAS;4120804;4120804;X;X
9235;Município (2010);4116208;MORRETES;25;2010;8030;31/07/2010;RIO BRANCO DO SUL;4122206;4122206;X;X
9235;Município (2010);4116208;MORRETES;25;2010;8030;31/07/2010;SÃO JOSÉ DOS PINHAIS;4125506;4125506;90;17
9235;Município (2010);4118204;PARANAGUÁ;26;2010;8030;31/07/2010;CAMPINA GRANDE DO SUL;4104006;4104006;62;9
9235;Município (2010);4118204;PARANAGUÁ;26;2010;8030;31/07/2010;CAMPO DO TENENTE;4104105;4104105;X;X
9235;Município (2010);4118204;PARANAGUÁ;26;2010;8030;31/07/2010;CAMPO LARGO;4104204;4104204;X;X
9235;Município (2010);4118204;PARANAGUÁ;26;2010;8030;31/07/2010;COLOMBO;4105805;4105805;62;6
9235;Município (2010);4118204;PARANAGUÁ;26;2010;8030;31/07/2010;CURITIBA;4106902;4106902;1351;130
9235;Município (2010);4118204;PARANAGUÁ;26;2010;8030;31/07/2010;PINHAIS;4119152;4119152;X;X
9235;Município (2010);4118204;PARANAGUÁ;26;2010;8030;31/07/2010;PIRAQUARA;4119509;4119509;X;X
9235;Município (2010);4118204;PARANAGUÁ;26;2010;8030;31/07/2010;RIO BRANCO DO SUL;4122206;4122206;X;X
9235;Município (2010);4118204;PARANAGUÁ;26;2010;8030;31/07/2010;RIO NEGRO;4122305;4122305;X;X
9235;Município (2010);4118204;PARANAGUÁ;26;2010;8030;31/07/2010;SÃO JOSÉ DOS PINHAIS;4125506;4125506;71;6
9235;Município (2010);4119103;PIÊN;27;2010;8030;31/07/2010;AGUDOS DO SUL;4100301;4100301;X;X
9235;Município (2010);4119103;PIÊN;27;2010;8030;31/07/2010;COLOMBO;4105805;4105805;X;X
9235;Município (2010);4119103;PIÊN;27;2010;8030;31/07/2010;CURITIBA;4106902;4106902;173;36
9235;Município (2010);4119103;PIÊN;27;2010;8030;31/07/2010;FAZENDA RIO GRANDE;4107652;4107652;X;X
9235;Município (2010);4119103;PIÊN;27;2010;8030;31/07/2010;LAPA;4113205;4113205;X;X
9235;Município (2010);4119103;PIÊN;27;2010;8030;31/07/2010;PIÊN;4119103;4119103;279;58
9235;Município (2010);4119103;PIÊN;27;2010;8030;31/07/2010;QUITANDINHA;4121208;4121208;X;X
9235;Município (2010);4119103;PIÊN;27;2010;8030;31/07/2010;RIO NEGRO;4122305;4122305;X;X
9235;Município (2010);4119103;PIÊN;27;2010;8030;31/07/2010;SÃO JOSÉ DOS PINHAIS;4125506;4125506;X;X
9235;Município (2010);4119103;PIÊN;27;2010;8030;31/07/2010;TIJUCAS DO SUL;4127601;4127601;X;X
9235;Município (2010);4119152;PINHAIS;28;2010;8030;31/07/2010;ADRIANÓPOLIS;4100202;4100202;X;X
9235;Município (2010);4119152;PINHAIS;28;2010;8030;31/07/2010;ALMIRANTE TAMANDARÉ;4100400;4100400;X;X
9235;Município (2010);4119152;PINHAIS;28;2010;8030;31/07/2010;ARAUCÁRIA;4101804;4101804;146;16
9235;Município (2010);4119152;PINHAIS;28;2010;8030;31/07/2010;CAMPINA GRANDE DO SUL;4104006;4104006;159;13
9235;Município (2010);4119152;PINHAIS;28;2010;8030;31/07/2010;CAMPO DO TENENTE;4104105;4104105;X;X
9235;Município (2010);4119152;PINHAIS;28;2010;8030;31/07/2010;CAMPO LARGO;4104204;4104204;61;6
9235;Município (2010);4119152;PINHAIS;28;2010;8030;31/07/2010;CAMPO MAGRO;4104253;4104253;X;X
9235;Município (2010);4119152;PINHAIS;28;2010;8030;31/07/2010;CERRO AZUL;4105201;4105201;X;X
9235;Município (2010);4119152;PINHAIS;28;2010;8030;31/07/2010;COLOMBO;4105805;4105805;504;47
9235;Município (2010);4119152;PINHAIS;28;2010;8030;31/07/2010;CURITIBA;4106902;4106902;6111;590
9235;Município (2010);4119152;PINHAIS;28;2010;8030;31/07/2010;FAZENDA RIO GRANDE;4107652;4107652;X;X
9235;Município (2010);4119152;PINHAIS;28;2010;8030;31/07/2010;LAPA;4113205;4113205;X;X
9235;Município (2010);4119152;PINHAIS;28;2010;8030;31/07/2010;PINHAIS;4119152;4119152;3791;362
9235;Município (2010);4119152;PINHAIS;28;2010;8030;31/07/2010;PIRAQUARA;4119509;4119509;518;50
9235;Município (2010);4119152;PINHAIS;28;2010;8030;31/07/2010;QUATRO BARRAS;4120804;4120804;X;X
9235;Município (2010);4119152;PINHAIS;28;2010;8030;31/07/2010;SÃO JOSÉ DOS PINHAIS;4125506;4125506;314;33
9235;Município (2010);4119152;PINHAIS;28;2010;8030;31/07/2010;DOUTOR ULYSSES;4128633;4128633;X;X
9235;Município (2010);4119509;PIRAQUARA;29;2010;8030;31/07/2010;AGUDOS DO SUL;4100301;4100301;X;X
9235;Município (2010);4119509;PIRAQUARA;29;2010;8030;31/07/2010;ALMIRANTE TAMANDARÉ;4100400;4100400;290;27
9235;Município (2010);4119509;PIRAQUARA;29;2010;8030;31/07/2010;ARAUCÁRIA;4101804;4101804;177;17
9235;Município (2010);4119509;PIRAQUARA;29;2010;8030;31/07/2010;CAMPINA GRANDE DO SUL;4104006;4104006;96;9
9235;Município (2010);4119509;PIRAQUARA;29;2010;8030;31/07/2010;CAMPO LARGO;4104204;4104204;144;12
9235;Município (2010);4119509;PIRAQUARA;29;2010;8030;31/07/2010;CAMPO MAGRO;4104253;4104253;66;6
9235;Município (2010);4119509;PIRAQUARA;29;2010;8030;31/07/2010;CERRO AZUL;4105201;4105201;X;X
9235;Município (2010);4119509;PIRAQUARA;29;2010;8030;31/07/2010;COLOMBO;4105805;4105805;741;72
9235;Município (2010);4119509;PIRAQUARA;29;2010;8030;31/07/2010;CONTENDA;4106209;4106209;X;X
9235;Município (2010);4119509;PIRAQUARA;29;2010;8030;31/07/2010;CURITIBA;4106902;4106902;5873;545
9235;Município (2010);4119509;PIRAQUARA;29;2010;8030;31/07/2010;FAZENDA RIO GRANDE;4107652;4107652;83;6
9235;Município (2010);4119509;PIRAQUARA;29;2010;8030;31/07/2010;LAPA;4113205;4113205;X;X
9235;Município (2010);4119509;PIRAQUARA;29;2010;8030;31/07/2010;MANDIRITUBA;4114302;4114302;X;X
9235;Município (2010);4119509;PIRAQUARA;29;2010;8030;31/07/2010;PINHAIS;4119152;4119152;2156;216
9235;Município (2010);4119509;PIRAQUARA;29;2010;8030;31/07/2010;PIRAQUARA;4119509;4119509;3398;320
9235;Município (2010);4119509;PIRAQUARA;29;2010;8030;31/07/2010;QUATRO BARRAS;4120804;4120804;121;12
9235;Município (2010);4119509;PIRAQUARA;29;2010;8030;31/07/2010;RIO BRANCO DO SUL;4122206;4122206;X;X
9235;Município (2010);4119509;PIRAQUARA;29;2010;8030;31/07/2010;RIO NEGRO;4122305;4122305;X;X
9235;Município (2010);4119509;PIRAQUARA;29;2010;8030;31/07/2010;SÃO JOSÉ DOS PINHAIS;4125506;4125506;737;72
9235;Município (2010);4119954;PONTAL DO PARANÁ;30;2010;8030;31/07/2010;ALMIRANTE TAMANDARÉ;4100400;4100400;54;10
9235;Município (2010);4119954;PONTAL DO PARANÁ;30;2010;8030;31/07/2010;ARAUCÁRIA;4101804;4101804;74;13
9235;Município (2010);4119954;PONTAL DO PARANÁ;30;2010;8030;31/07/2010;CAMPINA GRANDE DO SUL;4104006;4104006;43;9
9235;Município (2010);4119954;PONTAL DO PARANÁ;30;2010;8030;31/07/2010;CAMPO LARGO;4104204;4104204;109;21
9235;Município (2010);4119954;PONTAL DO PARANÁ;30;2010;8030;31/07/2010;CAMPO MAGRO;4104253;4104253;X;X
9235;Município (2010);4119954;PONTAL DO PARANÁ;30;2010;8030;31/07/2010;CERRO AZUL;4105201;4105201;X;X
9235;Município (2010);4119954;PONTAL DO PARANÁ;30;2010;8030;31/07/2010;COLOMBO;4105805;4105805;126;24
9235;Município (2010);4119954;PONTAL DO PARANÁ;30;2010;8030;31/07/2010;CURITIBA;4106902;4106902;2340;481
9235;Município (2010);4119954;PONTAL DO PARANÁ;30;2010;8030;31/07/2010;FAZENDA RIO GRANDE;4107652;4107652;34;7
9235;Município (2010);4119954;PONTAL DO PARANÁ;30;2010;8030;31/07/2010;ITAPERUÇU;4111258;4111258;X;X
9235;Município (2010);4119954;PONTAL DO PARANÁ;30;2010;8030;31/07/2010;LAPA;4113205;4113205;X;X
9235;Município (2010);4119954;PONTAL DO PARANÁ;30;2010;8030;31/07/2010;PINHAIS;4119152;4119152;120;23
9235;Município (2010);4119954;PONTAL DO PARANÁ;30;2010;8030;31/07/2010;PIRAQUARA;4119509;4119509;X;X
9235;Município (2010);4119954;PONTAL DO PARANÁ;30;2010;8030;31/07/2010;QUATRO BARRAS;4120804;4120804;X;X
9235;Município (2010);4119954;PONTAL DO PARANÁ;30;2010;8030;31/07/2010;RIO BRANCO DO SUL;4122206;4122206;X;X
9235;Município (2010);4119954;PONTAL DO PARANÁ;30;2010;8030;31/07/2010;SÃO JOSÉ DOS PINHAIS;4125506;4125506;162;35
9235;Município (2010);4120101;PORTO AMAZONAS;31;2010;8030;31/07/2010;ALMIRANTE TAMANDARÉ;4100400;4100400;X;X
9235;Município (2010);4120101;PORTO AMAZONAS;31;2010;8030;31/07/2010;BALSA NOVA;4102307;4102307;X;X
9235;Município (2010);4120101;PORTO AMAZONAS;31;2010;8030;31/07/2010;CAMPO LARGO;4104204;4104204;X;X
9235;Município (2010);4120101;PORTO AMAZONAS;31;2010;8030;31/07/2010;CURITIBA;4106902;4106902;95;34
9235;Município (2010);4120101;PORTO AMAZONAS;31;2010;8030;31/07/2010;LAPA;4113205;4113205;39;12
9235;Município (2010);4120101;PORTO AMAZONAS;31;2010;8030;31/07/2010;PIRAQUARA;4119509;4119509;X;X
9235;Município (2010);4120804;QUATRO BARRAS;32;2010;8030;31/07/2010;ALMIRANTE TAMANDARÉ;4100400;4100400;X;X
9235;Município (2010);4120804;QUATRO BARRAS;32;2010;8030;31/07/2010;BOCAIÚVA DO SUL;4103107;4103107;X;X
9235;Município (2010);4120804;QUATRO BARRAS;32;2010;8030;31/07/2010;CAMPINA GRANDE DO SUL;4104006;4104006;366;71
9235;Município (2010);4120804;QUATRO BARRAS;32;2010;8030;31/07/2010;CAMPO LARGO;4104204;4104204;X;X
9235;Município (2010);4120804;QUATRO BARRAS;32;2010;8030;31/07/2010;CERRO AZUL;4105201;4105201;X;X
9235;Município (2010);4120804;QUATRO BARRAS;32;2010;8030;31/07/2010;COLOMBO;4105805;4105805;194;39
9235;Município (2010);4120804;QUATRO BARRAS;32;2010;8030;31/07/2010;CONTENDA;4106209;4106209;X;X
9235;Município (2010);4120804;QUATRO BARRAS;32;2010;8030;31/07/2010;CURITIBA;4106902;4106902;692;134
9235;Município (2010);4120804;QUATRO BARRAS;32;2010;8030;31/07/2010;FAZENDA RIO GRANDE;4107652;4107652;X;X
9235;Município (2010);4120804;QUATRO BARRAS;32;2010;8030;31/07/2010;PINHAIS;4119152;4119152;144;27
9235;Município (2010);4120804;QUATRO BARRAS;32;2010;8030;31/07/2010;PIRAQUARA;4119509;4119509;73;15
9235;Município (2010);4120804;QUATRO BARRAS;32;2010;8030;31/07/2010;QUATRO BARRAS;4120804;4120804;1058;210
9235;Município (2010);4120804;QUATRO BARRAS;32;2010;8030;31/07/2010;SÃO JOSÉ DOS PINHAIS;4125506;4125506;56;10
9235;Município (2010);4120804;QUATRO BARRAS;32;2010;8030;31/07/2010;TUNAS DO PARANÁ;4127882;4127882;X;X
9235;Município (2010);4121208;QUITANDINHA;33;2010;8030;31/07/2010;AGUDOS DO SUL;4100301;4100301;71;14
9235;Município (2010);4121208;QUITANDINHA;33;2010;8030;31/07/2010;ARAUCÁRIA;4101804;4101804;92;18
9235;Município (2010);4121208;QUITANDINHA;33;2010;8030;31/07/2010;CAMPINA GRANDE DO SUL;4104006;4104006;X;X
9235;Município (2010);4121208;QUITANDINHA;33;2010;8030;31/07/2010;CAMPO DO TENENTE;4104105;4104105;X;X
9235;Município (2010);4121208;QUITANDINHA;33;2010;8030;31/07/2010;CAMPO LARGO;4104204;4104204;X;X
9235;Município (2010);4121208;QUITANDINHA;33;2010;8030;31/07/2010;COLOMBO;4105805;4105805;X;X
9235;Município (2010);4121208;QUITANDINHA;33;2010;8030;31/07/2010;CONTENDA;4106209;4106209;54;10
9235;Município (2010);4121208;QUITANDINHA;33;2010;8030;31/07/2010;CURITIBA;4106902;4106902;440;94
9235;Município (2010);4121208;QUITANDINHA;33;2010;8030;31/07/2010;FAZENDA RIO GRANDE;4107652;4107652;52;11
9235;Município (2010);4121208;QUITANDINHA;33;2010;8030;31/07/2010;LAPA;4113205;4113205;70;16
9235;Município (2010);4121208;QUITANDINHA;33;2010;8030;31/07/2010;MANDIRITUBA;4114302;4114302;115;24
9235;Município (2010);4121208;QUITANDINHA;33;2010;8030;31/07/2010;PIÊN;4119103;4119103;42;9
9235;Município (2010);4121208;QUITANDINHA;33;2010;8030;31/07/2010;PIRAQUARA;4119509;4119509;X;X
9235;Município (2010);4121208;QUITANDINHA;33;2010;8030;31/07/2010;QUITANDINHA;4121208;4121208;226;49
9235;Município (2010);4121208;QUITANDINHA;33;2010;8030;31/07/2010;RIO NEGRO;4122305;4122305;X;X
9235;Município (2010);4121208;QUITANDINHA;33;2010;8030;31/07/2010;SÃO JOSÉ DOS PINHAIS;4125506;4125506;X;X
9235;Município (2010);4121208;QUITANDINHA;33;2010;8030;31/07/2010;DOUTOR ULYSSES;4128633;4128633;X;X
9235;Município (2010);4122206;RIO BRANCO DO SUL;34;2010;8030;31/07/2010;ALMIRANTE TAMANDARÉ;4100400;4100400;76;9
9235;Município (2010);4122206;RIO BRANCO DO SUL;34;2010;8030;31/07/2010;BOCAIÚVA DO SUL;4103107;4103107;X;X
9235;Município (2010);4122206;RIO BRANCO DO SUL;34;2010;8030;31/07/2010;CAMPINA GRANDE DO SUL;4104006;4104006;X;X
9235;Município (2010);4122206;RIO BRANCO DO SUL;34;2010;8030;31/07/2010;CAMPO LARGO;4104204;4104204;X;X
9235;Município (2010);4122206;RIO BRANCO DO SUL;34;2010;8030;31/07/2010;CERRO AZUL;4105201;4105201;213;21
9235;Município (2010);4122206;RIO BRANCO DO SUL;34;2010;8030;31/07/2010;COLOMBO;4105805;4105805;X;X
9235;Município (2010);4122206;RIO BRANCO DO SUL;34;2010;8030;31/07/2010;CONTENDA;4106209;4106209;X;X
9235;Município (2010);4122206;RIO BRANCO DO SUL;34;2010;8030;31/07/2010;CURITIBA;4106902;4106902;167;17
9235;Município (2010);4122206;RIO BRANCO DO SUL;34;2010;8030;31/07/2010;FAZENDA RIO GRANDE;4107652;4107652;X;X
9235;Município (2010);4122206;RIO BRANCO DO SUL;34;2010;8030;31/07/2010;ITAPERUÇU;4111258;4111258;192;17
9235;Município (2010);4122206;RIO BRANCO DO SUL;34;2010;8030;31/07/2010;PINHAIS;4119152;4119152;X;X
9235;Município (2010);4122206;RIO BRANCO DO SUL;34;2010;8030;31/07/2010;PIRAQUARA;4119509;4119509;X;X
9235;Município (2010);4122206;RIO BRANCO DO SUL;34;2010;8030;31/07/2010;RIO BRANCO DO SUL;4122206;4122206;510;49
9235;Município (2010);4122206;RIO BRANCO DO SUL;34;2010;8030;31/07/2010;DOUTOR ULYSSES;4128633;4128633;X;X
9235;Município (2010);4122305;RIO NEGRO;35;2010;8030;31/07/2010;CAMPO DO TENENTE;4104105;4104105;X;X
9235;Município (2010);4122305;RIO NEGRO;35;2010;8030;31/07/2010;CERRO AZUL;4105201;4105201;X;X
9235;Município (2010);4122305;RIO NEGRO;35;2010;8030;31/07/2010;COLOMBO;4105805;4105805;37;6
9235;Município (2010);4122305;RIO NEGRO;35;2010;8030;31/07/2010;CURITIBA;4106902;4106902;422;42
9235;Município (2010);4122305;RIO NEGRO;35;2010;8030;31/07/2010;LAPA;4113205;4113205;X;X
9235;Município (2010);4122305;RIO NEGRO;35;2010;8030;31/07/2010;MANDIRITUBA;4114302;4114302;X;X
9235;Município (2010);4122305;RIO NEGRO;35;2010;8030;31/07/2010;PIÊN;4119103;4119103;55;6
9235;Município (2010);4122305;RIO NEGRO;35;2010;8030;31/07/2010;RIO NEGRO;4122305;4122305;581;67
9235;Município (2010);4122305;RIO NEGRO;35;2010;8030;31/07/2010;SÃO JOSÉ DOS PINHAIS;4125506;4125506;X;X
9235;Município (2010);4125506;SÃO JOSÉ DOS PINHAIS;36;2010;8030;31/07/2010;ADRIANÓPOLIS;4100202;4100202;X;X
9235;Município (2010);4125506;SÃO JOSÉ DOS PINHAIS;36;2010;8030;31/07/2010;AGUDOS DO SUL;4100301;4100301;57;6
9235;Município (2010);4125506;SÃO JOSÉ DOS PINHAIS;36;2010;8030;31/07/2010;ALMIRANTE TAMANDARÉ;4100400;4100400;250;23
9235;Município (2010);4125506;SÃO JOSÉ DOS PINHAIS;36;2010;8030;31/07/2010;ARAUCÁRIA;4101804;4101804;180;18
9235;Município (2010);4125506;SÃO JOSÉ DOS PINHAIS;36;2010;8030;31/07/2010;BALSA NOVA;4102307;4102307;X;X
9235;Município (2010);4125506;SÃO JOSÉ DOS PINHAIS;36;2010;8030;31/07/2010;BOCAIÚVA DO SUL;4103107;4103107;X;X
9235;Município (2010);4125506;SÃO JOSÉ DOS PINHAIS;36;2010;8030;31/07/2010;CAMPINA GRANDE DO SUL;4104006;4104006;148;16
9235;Município (2010);4125506;SÃO JOSÉ DOS PINHAIS;36;2010;8030;31/07/2010;CAMPO LARGO;4104204;4104204;229;21
9235;Município (2010);4125506;SÃO JOSÉ DOS PINHAIS;36;2010;8030;31/07/2010;CAMPO MAGRO;4104253;4104253;X;X
9235;Município (2010);4125506;SÃO JOSÉ DOS PINHAIS;36;2010;8030;31/07/2010;COLOMBO;4105805;4105805;465;46
9235;Município (2010);4125506;SÃO JOSÉ DOS PINHAIS;36;2010;8030;31/07/2010;CONTENDA;4106209;4106209;71;7
9235;Município (2010);4125506;SÃO JOSÉ DOS PINHAIS;36;2010;8030;31/07/2010;CURITIBA;4106902;4106902;12289;1205
9235;Município (2010);4125506;SÃO JOSÉ DOS PINHAIS;36;2010;8030;31/07/2010;FAZENDA RIO GRANDE;4107652;4107652;106;11
9235;Município (2010);4125506;SÃO JOSÉ DOS PINHAIS;36;2010;8030;31/07/2010;ITAPERUÇU;4111258;4111258;X;X
9235;Município (2010);4125506;SÃO JOSÉ DOS PINHAIS;36;2010;8030;31/07/2010;LAPA;4113205;4113205;X;X
9235;Município (2010);4125506;SÃO JOSÉ DOS PINHAIS;36;2010;8030;31/07/2010;MANDIRITUBA;4114302;4114302;76;7
9235;Município (2010);4125506;SÃO JOSÉ DOS PINHAIS;36;2010;8030;31/07/2010;PIÊN;4119103;4119103;X;X
9235;Município (2010);4125506;SÃO JOSÉ DOS PINHAIS;36;2010;8030;31/07/2010;PINHAIS;4119152;4119152;697;68
9235;Município (2010);4125506;SÃO JOSÉ DOS PINHAIS;36;2010;8030;31/07/2010;PIRAQUARA;4119509;4119509;380;40
9235;Município (2010);4125506;SÃO JOSÉ DOS PINHAIS;36;2010;8030;31/07/2010;QUATRO BARRAS;4120804;4120804;X;X
9235;Município (2010);4125506;SÃO JOSÉ DOS PINHAIS;36;2010;8030;31/07/2010;QUITANDINHA;4121208;4121208;35;6
9235;Município (2010);4125506;SÃO JOSÉ DOS PINHAIS;36;2010;8030;31/07/2010;RIO BRANCO DO SUL;4122206;4122206;64;6
9235;Município (2010);4125506;SÃO JOSÉ DOS PINHAIS;36;2010;8030;31/07/2010;RIO NEGRO;4122305;4122305;X;X
9235;Município (2010);4125506;SÃO JOSÉ DOS PINHAIS;36;2010;8030;31/07/2010;SÃO JOSÉ DOS PINHAIS;4125506;4125506;8552;837
9235;Município (2010);4125506;SÃO JOSÉ DOS PINHAIS;36;2010;8030;31/07/2010;TIJUCAS DO SUL;4127601;4127601;364;39
9235;Município (2010);4125506;SÃO JOSÉ DOS PINHAIS;36;2010;8030;31/07/2010;TUNAS DO PARANÁ;4127882;4127882;X;X
9235;Município (2010);4125506;SÃO JOSÉ DOS PINHAIS;36;2010;8030;31/07/2010;DOUTOR ULYSSES;4128633;4128633;X;X
9235;Município (2010);4127601;TIJUCAS DO SUL;37;2010;8030;31/07/2010;AGUDOS DO SUL;4100301;4100301;62;11
9235;Município (2010);4127601;TIJUCAS DO SUL;37;2010;8030;31/07/2010;CAMPINA GRANDE DO SUL;4104006;4104006;X;X
9235;Município (2010);4127601;TIJUCAS DO SUL;37;2010;8030;31/07/2010;COLOMBO;4105805;4105805;X;X
9235;Município (2010);4127601;TIJUCAS DO SUL;37;2010;8030;31/07/2010;CURITIBA;4106902;4106902;453;78
9235;Município (2010);4127601;TIJUCAS DO SUL;37;2010;8030;31/07/2010;FAZENDA RIO GRANDE;4107652;4107652;X;X
9235;Município (2010);4127601;TIJUCAS DO SUL;37;2010;8030;31/07/2010;LAPA;4113205;4113205;X;X
9235;Município (2010);4127601;TIJUCAS DO SUL;37;2010;8030;31/07/2010;MANDIRITUBA;4114302;4114302;X;X
9235;Município (2010);4127601;TIJUCAS DO SUL;37;2010;8030;31/07/2010;PIÊN;4119103;4119103;X;X
9235;Município (2010);4127601;TIJUCAS DO SUL;37;2010;8030;31/07/2010;PINHAIS;4119152;4119152;77;13
9235;Município (2010);4127601;TIJUCAS DO SUL;37;2010;8030;31/07/2010;PIRAQUARA;4119509;4119509;45;10
9235;Município (2010);4127601;TIJUCAS DO SUL;37;2010;8030;31/07/2010;RIO NEGRO;4122305;4122305;X;X
9235;Município (2010);4127601;TIJUCAS DO SUL;37;2010;8030;31/07/2010;SÃO JOSÉ DOS PINHAIS;4125506;4125506;465;85
9235;Município (2010);4127601;TIJUCAS DO SUL;37;2010;8030;31/07/2010;TIJUCAS DO SUL;4127601;4127601;226;43
9235;Município (2010);4127882;TUNAS DO PARANÁ;38;2010;8030;31/07/2010;ADRIANÓPOLIS;4100202;4100202;82;29
9235;Município (2010);4127882;TUNAS DO PARANÁ;38;2010;8030;31/07/2010;ALMIRANTE TAMANDARÉ;4100400;4100400;X;X
9235;Município (2010);4127882;TUNAS DO PARANÁ;38;2010;8030;31/07/2010;BOCAIÚVA DO SUL;4103107;4103107;25;10
9235;Município (2010);4127882;TUNAS DO PARANÁ;38;2010;8030;31/07/2010;CAMPO DO TENENTE;4104105;4104105;X;X
9235;Município (2010);4127882;TUNAS DO PARANÁ;38;2010;8030;31/07/2010;CAMPO LARGO;4104204;4104204;X;X
9235;Município (2010);4127882;TUNAS DO PARANÁ;38;2010;8030;31/07/2010;CERRO AZUL;4105201;4105201;65;24
9235;Município (2010);4127882;TUNAS DO PARANÁ;38;2010;8030;31/07/2010;COLOMBO;4105805;4105805;65;21
9235;Município (2010);4127882;TUNAS DO PARANÁ;38;2010;8030;31/07/2010;CURITIBA;4106902;4106902;62;20
9235;Município (2010);4127882;TUNAS DO PARANÁ;38;2010;8030;31/07/2010;FAZENDA RIO GRANDE;4107652;4107652;X;X
9235;Município (2010);4127882;TUNAS DO PARANÁ;38;2010;8030;31/07/2010;ITAPERUÇU;4111258;4111258;X;X
9235;Município (2010);4127882;TUNAS DO PARANÁ;38;2010;8030;31/07/2010;PINHAIS;4119152;4119152;X;X
9235;Município (2010);4127882;TUNAS DO PARANÁ;38;2010;8030;31/07/2010;PIRAQUARA;4119509;4119509;21;6
9235;Município (2010);4127882;TUNAS DO PARANÁ;38;2010;8030;31/07/2010;QUATRO BARRAS;4120804;4120804;X;X
9235;Município (2010);4127882;TUNAS DO PARANÁ;38;2010;8030;31/07/2010;RIO BRANCO DO SUL;4122206;4122206;20;7
9235;Município (2010);4127882;TUNAS DO PARANÁ;38;2010;8030;31/07/2010;RIO NEGRO;4122305;4122305;20;6
9235;Município (2010);4127882;TUNAS DO PARANÁ;38;2010;8030;31/07/2010;SÃO JOSÉ DOS PINHAIS;4125506;4125506;X;X
9235;Município (2010);4127882;TUNAS DO PARANÁ;38;2010;8030;31/07/2010;TIJUCAS DO SUL;4127601;4127601;X;X
9235;Município (2010);4127882;TUNAS DO PARANÁ;38;2010;8030;31/07/2010;TUNAS DO PARANÁ;4127882;4127882;346;110
9235;Município (2010);4127882;TUNAS DO PARANÁ;38;2010;8030;31/07/2010;DOUTOR ULYSSES;4128633;4128633;X;X
9235;Município (2010);4128633;DOUTOR ULYSSES;39;2010;8030;31/07/2010;CAMPINA GRANDE DO SUL;4104006;4104006;X;X
9235;Município (2010);4128633;DOUTOR ULYSSES;39;2010;8030;31/07/2010;CERRO AZUL;4105201;4105201;31;9
9235;Município (2010);4128633;DOUTOR ULYSSES;39;2010;8030;31/07/2010;CURITIBA;4106902;4106902;20;7
9235;Município (2010);4128633;DOUTOR ULYSSES;39;2010;8030;31/07/2010;RIO BRANCO DO SUL;4122206;4122206;X;X
9235;Município (2010);4128633;DOUTOR ULYSSES;39;2010;8030;31/07/2010;DOUTOR ULYSSES;4128633;4128633;50;15
